168.0,美食
90.0,家庭
82.0,童年
57.0,水流
71.0,见证
372.0,游乐
62.0,四川
96.0,天下
75.0,保护区
402.0,全国
147.0,开发
77.0,红色
100.0,南北
71.0,垂钓
102.0,风貌
64.0,来自
178.0,原始
200.0,旅游区
80.0,水面
64.0,有机
68.0,魔幻
85.0,采用
132.0,被誉为
64.0,耸立
102.0,包括
63.0,远眺
85.0,较大
64.0,地带
67.0,西安
447.0,儿童
171.0,坐落
104.0,座落在
101.0,成都
78.0,年代
3102.0,位于
381.0,风光
1418.0,公里
209.0,四季
96.0,商务
613.0,好去处
183.0,胜地
53.0,共同
55.0,购物
185.0,建设
270.0,美丽
76.0,景色宜人
113.0,优雅
91.0,中华
77.0,宛如
226.0,游客
64.0,一站式
80.0,区域
63.0,汽车
143.0,一种
357.0,森林
179.0,国内
160.0,万平方米
54.0,左右
70.0,动漫
73.0,代表
95.0,方式
137.0,场景
68.0,云雾
59.0,宝宝
56.0,二年
75.0,记载
71.0,身体
51.0,演绎
83.0,青岛
421.0,景观
90.0,还有
59.0,多样
93.0,毗邻
52.0,有着
91.0,旅游观光
59.0,雪山
71.0,动植物
288.0,占地面积
91.0,训练
67.0,标志性
76.0,流连忘返
100.0,幽深
92.0,曲折
114.0,自然保护区
164.0,避暑
96.0,而建
404.0,风景区
816.0,大型
64.0,而成
76.0,尽收眼底
100.0,精品
68.0,天津
77.0,建有
1041.0,温泉
57.0,轻松
72.0,繁华
105.0,仙境
101.0,进入
83.0,北部
150.0,森林公园
90.0,兴建
53.0,一路
58.0,悠久
89.0,小镇
105.0,了解
84.0,十大
56.0,地标
83.0,住宿
109.0,高山
81.0,儿童乐园
125.0,十分
59.0,五星级
181.0,舒适
129.0,水质
53.0,速度
73.0,堪称
330.0,国际
95.0,时代
123.0,古镇
102.0,气势
87.0,探索
86.0,通过
51.0,民风
481.0,天然
65.0,附近
129.0,有限公司
55.0,火山
62.0,高尔夫球场
280.0,理想
60.0,别样
77.0,充分
63.0,巨大
69.0,好玩
211.0,结合
61.0,城南
61.0,三大
125.0,明珠
116.0,适合
193.0,清澈
88.0,独具特色
64.0,河北省
129.0,展现
52.0,宗教
52.0,弘扬
53.0,栩栩如生
56.0,不断
1131.0,一体
89.0,以及
78.0,优越
169.0,成为
79.0,潺潺
106.0,精彩
289.0,拥有
244.0,活动
112.0,宏伟
73.0,疗养
136.0,科普
62.0,历代
99.0,湖水
74.0,一身
645.0,主题
75.0,一流
457.0,面积
162.0,组成
81.0,原始森林
59.0,水中
62.0,为了
98.0,爱好者
138.0,水库
156.0,游乐园
175.0,古朴
59.0,农家乐
71.0,锻炼
86.0,会议
216.0,20
148.0,惊险刺激
143.0,人文
171.0,典型
604.0,艺术
53.0,保证
71.0,能力
134.0,自然风光
63.0,心情
77.0,小时
102.0,核心
176.0,一场
95.0,清新
76.0,田园风光
118.0,泉水
58.0,政府
53.0,收藏
87.0,经典
55.0,生动
66.0,度假胜地
256.0,海洋
60.0,模式
69.0,奇妙
93.0,多年
71.0,湖泊
62.0,作为
99.0,接触
66.0,一带
51.0,冲浪
78.0,民俗文化
66.0,富有
57.0,生态环境
59.0,国道
327.0,密室
116.0,结构
232.0,10
358.0,占地
150.0,世外桃源
86.0,四大
75.0,河水
51.0,流水
105.0,素有
54.0,如画
71.0,开放
114.0,依山傍水
96.0,主体
123.0,氧吧
144.0,主题乐园
115.0,田园
123.0,电影
69.0,经济
371.0,遗址
394.0,风景
56.0,呈现
66.0,集团
128.0,选择
71.0,山清水秀
64.0,经营
126.0,革命
259.0,重点
67.0,空气
110.0,称为
58.0,气势磅礴
68.0,西侧
301.0,建于
445.0,博物馆
459.0,丰富
224.0,为主
157.0,壮观
102.0,树木
90.0,农家
54.0,城北
60.0,珍稀
54.0,示范
108.0,18
168.0,身心
417.0,著名
308.0,平方米
161.0,公顷
56.0,动物园
225.0,俱乐部
54.0,人间
60.0,色彩
57.0,纵横
400.0,刺激
103.0,生产
52.0,许多
224.0,优美
56.0,挺拔
82.0,起伏
283.0,可以
56.0,镶嵌
72.0,空中
179.0,游泳
69.0,惬意
127.0,相传
71.0,不仅
136.0,茂密
74.0,构成
151.0,省级
62.0,开阔
54.0,山脉
54.0,雕塑
194.0,圣地
67.0,古迹
63.0,1000
83.0,这个
54.0,一年四季
54.0,沙漠
62.0,掩映
63.0,平米
179.0,佛教
56.0,西藏
99.0,100
55.0,河道
109.0,地势
350.0,健康
63.0,般的
121.0,寺院
322.0,快乐
84.0,震撼
183.0,千年
85.0,一颗
200.0,欣赏
80.0,之美
137.0,环抱
170.0,自己
53.0,山麓
77.0,大海
59.0,分布
808.0,享受
75.0,花卉
453.0,中心
162.0,互动
116.0,原名
276.0,大自然
83.0,60
56.0,西北部
53.0,全球
99.0,建筑风格
73.0,环山
58.0,露天
100.0,属于
78.0,仿佛
199.0,投资
82.0,趣味
67.0,体现
57.0,现在
199.0,之地
54.0,反映
431.0,养生
303.0,山水
52.0,石窟
199.0,一样
200.0,环境优美
88.0,高尔夫
52.0,立体
54.0,设有
78.0,品味
310.0,健身
149.0,自然景观
133.0,坐落于
179.0,30
51.0,千米
151.0,公元
63.0,名山
78.0,千姿百态
69.0,所在地
181.0,尽情
438.0,基地
68.0,25
166.0,保存
106.0,戏水
111.0,碧水
58.0,植物园
51.0,黄山
58.0,高大
224.0,交通
93.0,优质
205.0,一处
65.0,古刹
401.0,漂流
178.0,年间
54.0,大量
132.0,民俗
146.0,滑雪场
53.0,连绵
84.0,标准
169.0,动物
125.0,12
137.0,海上
72.0,将军
208.0,室内
74.0,压力
71.0,漫步
244.0,地处
1954.0,体验
156.0,价值
85.0,阳光
106.0,真正
214.0,发展
92.0,畅游
258.0,观赏
289.0,滑雪
115.0,带给
94.0,500
334.0,单位
82.0,地质
60.0,风光旖旎
86.0,风光秀丽
109.0,山庄
61.0,湖面
89.0,恐龙
137.0,又称
87.0,建筑群
841.0,之一
58.0,山峦
58.0,国内外
65.0,绿树成荫
63.0,依山
98.0,成立
156.0,一起
246.0,酒店
118.0,人们
58.0,供奉
58.0,多米
76.0,新型
62.0,传承
65.0,别致
52.0,周末
85.0,三面
135.0,洗浴
87.0,军事
217.0,广场
214.0,平方公里
106.0,蜿蜒
167.0,一条
57.0,古典
125.0,现代化
84.0,亲近
62.0,上游
367.0,场所
90.0,奇幻
53.0,1500
801.0,公园
137.0,科技
52.0,书院
91.0,建造
57.0,机构
118.0,豪华
167.0,天堂
85.0,种植
144.0,设备
145.0,整个
69.0,闻名
118.0,布局
62.0,产品
420.0,具有
209.0,其中
125.0,我们
62.0,璀璨
71.0,南部
143.0,研究
109.0,再现
78.0,宁静
71.0,管理
95.0,寺庙
113.0,时光
64.0,惊险
140.0,发现
120.0,团队
103.0,王国
55.0,实景
51.0,八大
112.0,奇观
60.0,元素
51.0,绝壁
66.0,时间
157.0,群山
59.0,故乡
106.0,雄伟
196.0,时尚
118.0,环绕
59.0,桂林
117.0,走进
194.0,时期
150.0,市区
76.0,壮丽
86.0,万亩
78.0,海水
85.0,心灵
102.0,展览
209.0,总面积
491.0,环境
205.0,景点
55.0,林海
52.0,工业
59.0,之上
79.0,东侧
85.0,市民
120.0,成长
253.0,放松
97.0,创建
96.0,生态旅游
153.0,东北
81.0,剧院
62.0,大桥
60.0,多个
85.0,四面
132.0,保护
152.0,挑战
110.0,目前
99.0,培训
68.0,各类
87.0,企业
54.0,亚洲
65.0,动感
178.0,民族
148.0,绝佳
80.0,创造
152.0,3D
410.0,观光
67.0,石刻
273.0,峡谷
1960.0,休闲
130.0,建筑面积
58.0,烧烤
130.0,满足
55.0,每年
136.0,浓郁
720.0,自然
57.0,第二
152.0,之称
124.0,度假村
92.0,修建
82.0,高科技
177.0,盛宴
53.0,知识
70.0,培养
58.0,种类
71.0,美不胜收
181.0,神奇
153.0,资源
671.0,这里
298.0,文物保护
85.0,会馆
133.0,真实
174.0,一家
231.0,现代
68.0,宋代
220.0,草原
55.0,城东
352.0,城市
64.0,茂盛
124.0,安全
115.0,齐全
53.0,聚会
78.0,珍贵
58.0,雕刻
130.0,15
51.0,突出
74.0,文化底蕴
96.0,极具
413.0,风情
76.0,气候
77.0,剧场
909.0,建筑
342.0,专业
763.0,乐园
59.0,11
136.0,尽享
57.0,精美
60.0,开心
87.0,地下
59.0,水乡
92.0,犹如
53.0,区内
254.0,提供
55.0,蓝天
81.0,身临其境
362.0,设施
87.0,场馆
52.0,美妙
993.0,景区
117.0,气息
843.0,世界
62.0,西湖
95.0,进行
120.0,植物
623.0,水上
131.0,古老
78.0,世纪
122.0,融合
1059.0,娱乐
115.0,山峰
113.0,喧嚣
57.0,旅游景点
60.0,内涵
98.0,规划
98.0,山顶
103.0,俗称
270.0,绿色
80.0,200
191.0,纪念
93.0,旅游胜地
54.0,地形
67.0,形式
94.0,40
186.0,完美
61.0,广大
72.0,溪流
90.0,长江
113.0,沐浴
87.0,林立
62.0,至今
53.0,景象
195.0,园林
56.0,13
51.0,馆内
92.0,美誉
288.0,采摘
69.0,风景优美
221.0,瀑布
133.0,公路
103.0,名胜区
64.0,南京
82.0,自由
75.0,溪水
407.0,综合性
64.0,巨石
114.0,罕见
68.0,八景
76.0,天地
444.0,独特
64.0,繁茂
181.0,游玩
177.0,草莓
81.0,民居
102.0,释放
177.0,古代
69.0,玩耍
538.0,项目
131.0,品尝
76.0,需求
162.0,湿地
132.0,之中
52.0,寻找
64.0,城西
74.0,学习
91.0,长城
124.0,台湾
97.0,东方
67.0,湖光山色
51.0,夏天
119.0,人文景观
55.0,配套
72.0,座落
120.0,清幽
68.0,叠翠
263.0,传统
77.0,精神
126.0,乡村
63.0,民间
72.0,建立
141.0,秀美
66.0,相结合
203.0,首家
97.0,距离
101.0,游乐场
85.0,旧址
97.0,主峰
140.0,无限
79.0,完好
66.0,社会
66.0,一般
57.0,保留
54.0,形象
326.0,运动
53.0,俯瞰
55.0,洞内
53.0,十里
58.0,山地
140.0,山势
75.0,游艇
59.0,商业
51.0,内有
118.0,理念
177.0,规模
84.0,起来
292.0,风格
143.0,空气清新
63.0,16
70.0,余亩
183.0,逃脱
75.0,海滨
98.0,奇石
74.0,正式
73.0,云南
64.0,峭壁
92.0,明清
291.0,重要
95.0,幽静
93.0,北方
52.0,职业
88.0,夏季
58.0,80
132.0,原生态
52.0,提高
123.0,感觉
55.0,自然生态
60.0,峰峦
214.0,历史悠久
65.0,居住
1851.0,文化
98.0,西部
86.0,怪石
181.0,各种
87.0,地貌
125.0,创意
52.0,丰富多彩
154.0,山上
123.0,沙滩
148.0,传说
83.0,平台
55.0,韩式
246.0,北京
146.0,就是
70.0,内容
60.0,基础
328.0,冰雪
418.0,始建
79.0,冬季
128.0,令人
84.0,嘉年华
87.0,穿越
112.0,花海
51.0,生态农业
67.0,没有
155.0,演出
80.0,工程
107.0,飞瀑
193.0,秀丽
71.0,心旷神怡
68.0,码头
54.0,亲身
54.0,烈士
85.0,游人
155.0,风景秀丽
71.0,体育
52.0,象征
92.0,美味
68.0,百年
53.0,杭州
242.0,县城
340.0,地方
189.0,上海
187.0,地区
55.0,命名
67.0,70
118.0,户外
71.0,南麓
95.0,新鲜
78.0,气候宜人
53.0,融入
1152.0,旅游
119.0,故事
204.0,形成
64.0,北京市
66.0,精致
324.0,教育
62.0,品种
89.0,生态园
86.0,遗迹
121.0,纪念馆
112.0,回归自然
92.0,道教
82.0,古树
267.0,魅力
71.0,人生
620.0,特色
190.0,古城
51.0,全方位
290.0,打造
157.0,林木
152.0,清代
111.0,玩乐
68.0,地理位置
161.0,同时
61.0,大连
65.0,全面
100.0,全长
70.0,部分
106.0,庄园
236.0,激情
896.0,感受
59.0,列为
135.0,音乐
129.0,先进
96.0,幽雅
60.0,独具
60.0,南山
71.0,丛林
51.0,庄严
329.0,欢乐
60.0,参观
84.0,场地
132.0,一片
363.0,境内
76.0,非常
73.0,参天
83.0,巍峨
509.0,生活
893.0,一个
232.0,浪漫
147.0,造型
839.0,中国
82.0,品牌
122.0,人民
178.0,不同
55.0,内蒙古
135.0,黄河
65.0,葱郁
284.0,海拔
571.0,孩子
78.0,置身
62.0,娱乐场所
155.0,之间
109.0,奇峰
158.0,四周
61.0,氛围
127.0,远离
103.0,爱国主义
58.0,野生
120.0,去处
57.0,规模宏大
137.0,奇特
57.0,独一无二
117.0,全新
65.0,景致
59.0,河南省
79.0,古道
61.0,开启
70.0,苍翠
319.0,主要
93.0,深厚
142.0,空间
81.0,野战
70.0,批准
66.0,重建
65.0,看到
62.0,当年
120.0,球场
113.0,完整
297.0,展示
113.0,溶洞
88.0,300
67.0,农庄
173.0,青山
72.0,一幅
91.0,2000
149.0,多功能
69.0,一次
201.0,多种
95.0,高端
150.0,明代
78.0,科学
60.0,新疆
596.0,生态
419.0,景色
52.0,石林
55.0,悬崖
88.0,先生
80.0,朋友
58.0,回归
111.0,东西
114.0,植被
66.0,水域
334.0,国家
263.0,游戏
135.0,表演
90.0,舞台
562.0,一座
55.0,得到
67.0,民族风情
212.0,餐饮
60.0,山林
85.0,相连
143.0,50
58.0,三国
142.0,园内
53.0,人工
702.0,度假
164.0,神秘
194.0,领略
86.0,现存
113.0,公司
51.0,宽阔
60.0,北侧
165.0,西北
74.0,制作
63.0,中部
125.0,度假区
86.0,周围
63.0,演艺
84.0,开始
78.0,绿树
97.0,鸟语花香
80.0,梦想
64.0,庙宇
54.0,交界处
78.0,山西
101.0,主题公园
183.0,江南
65.0,温泉水
60.0,一道
113.0,故居
84.0,美好
97.0,体会
168.0,拓展
273.0,服务
96.0,城区
872.0,历史
73.0,陈列
68.0,狂欢
60.0,广西
464.0,乐趣
82.0,大道
84.0,良好
60.0,技术
126.0,典雅
198.0,综合
53.0,野趣
119.0,迷人
90.0,温馨
54.0,宝贝
59.0,海底
53.0,古建筑
145.0,游览
56.0,哈尔滨
51.0,殿堂
86.0,夏日
178.0,园区
61.0,群峰
145.0,视觉
73.0,重修
257.0,农业
166.0,文物
59.0,北宋
82.0,东部
203.0,我国
133.0,清凉
68.0,完善
106.0,探险
181.0,之旅
256.0,亲子
97.0,唐代
108.0,重庆
300.0,美景
180.0,东南
207.0,带来
79.0,和谐
150.0,便利
176.0,又名
57.0,市中心
56.0,怡人
178.0,得名
75.0,国家森林公园
71.0,这是
227.0,设计
116.0,功能
60.0,皇家
256.0,真人
62.0,逼真
158.0,充满
57.0,大峡谷
54.0,过程
101.0,宜人
61.0,一块
147.0,梦幻
86.0,当地
115.0,都市
151.0,西南
60.0,广州
63.0,落差
76.0,文明
133.0,CS
83.0,花园
92.0,险峻
60.0,精华
176.0,两岸
83.0,分为
62.0,形似
285.0,众多
129.0,建成
67.0,经过
56.0,怪石嶙峋
61.0,智慧
53.0,营造
84.0,青少年
